{"cameraMode":{"drawMode":0,"name":"Shaded","section":"Shading Mode"},"sceneLighting":true,"audioPlay":false,"sceneViewState":{"showFog":true,"showMaterialUpdate":false,"showSkybox":true,"showFlares":true,"showImageEffects":true,"showParticleSystems":true},"in2DMode":false,"pivot":{"x":6.383888244628906,"y":-1.6934089660644532,"z":-2.5024032592773439},"rotation":{"x":0.4596862196922302,"y":0.027965888381004335,"z":-0.014484756626188755,"w":0.8875234723091126},"size":51.84214782714844,"orthographic":false}