{"cameraMode":{"drawMode":0,"name":"Shaded","section":"Shading Mode"},"sceneLighting":true,"audioPlay":false,"sceneViewState":{"showFog":true,"showMaterialUpdate":false,"showSkybox":true,"showFlares":true,"showImageEffects":true,"showParticleSystems":true},"in2DMode":false,"pivot":{"x":5.24395751953125,"y":-2.2723522186279299,"z":1.0445365905761719},"rotation":{"x":0.15606628358364106,"y":0.3365733027458191,"z":-0.056675370782613757,"w":0.9269095659255981},"size":56.62928771972656,"orthographic":false}